"私の会社は売れるだろうか？","満足の行く条件が出るかは「やってみなければわからない」が正直な回答です。ただ、好条件を引き出す方法はありますので、これをしっかりとこなすことで、満足できる条件で売れる確率は高まります。（リンク先は各項目の詳細記事です）。誠実な買い手候補を集めて入札形式で条件を募る。M&A対象会社の情報を買い手候補に適切に開示していく。対象会社の事情に最適なM&A手法で売る。適切な節税策で手取り財産を増やす。買い手候補の事業計画を吟味して誠実・適切な相手かを確認する。上記をきちんとこなせるM&Aアドバイザーを選定する。"
"M&Aが「成立」する確率は？","実際のところ１～２割程度。しかし、それだけあれば十分な数字です。売りに出る案件の大半は赤字や債務超過が大きすぎて「価値のない状態」である。価値のある会社だが売り手の理想が高く、条件が折り合わないことが多い。"
"売り手にとってのM&Aの成功率は？","体感では５割未満。なぜなら、みんな勉強不足だから。▶事業承継でM&Aを大成功させるための知識と知恵のすべて。"
"誰が会社を買っているのか？","中小企業の場合、同業他社が圧倒的多数です。"
"M&Aは大変だと聞くが、本当か？","大変ですが、しっかり準備しておけば、だいぶ楽になります。初体験の連続で先が見通せないまま進んでいく。その中で容易に後戻りできない判断を連続して迫られる。飛び交う用語も高度なのでついていくのが大変。人生の大決断であるプレッシャーが何カ月も続く。それも、経営者として事業や組織のマネジメントをしながら取り組まなければならない。極めつけはデューデリジェンス（買収前の調査対応）がとても手間。"
"M&Aはどんな風に進むのか？","オークション形式ですが、その手順は特殊です。"
"同業者の軍門に下ったと思われるのは嫌だ。","無理に自分を曲げて売るなら、売らないほうがいいでしょう。"
"社員に迷惑を掛けないためには何をすればいいのか？","相手の考えを見極め、信頼できる相手にだけ売りましょう。「雇用維持が絶対条件」など、買い手選びの基準を最初に宣言する。買い手候補のM&A後の事業計画を確認・比較する。トップ面談に万全の準備で臨み、相手をしっかり見極める。"
"M&Aは何から始めるべきか？","まずは情報を集め、M&Aを勉強してください。"
"M&Aのデメリットは？","最大のデメリットは“突然”経営者ではなくなること。"
"家族にはどのタイミングで話すべきか？","本来は真っ先に相談すべき相手ですが・・・。"
"従業員にはどのタイミングで話すべきか？","つらいと思いますが、最後まで内密に。"
"役員にはどのタイミングで話すべきか？","基本合意後からデューデリジェンスまでに話しましょう。"
"顧問税理士にはどのタイミングで話すべきか？","デューデリジェンス前にお伝えするのがベストです。"
"金融機関にはどのタイミングで話すべきか？","最終契約調印後速やかに挨拶へ。"
"株式が分散しているが、どうすればいいか？","人間関係最優先で考えましょう。すべての類似事例に共通する解決策はなかなかありません。教科書的な回答をすれば、M&Aプロセス開始前に相続税法評価額などの安価で買い集めるのがベストなのですが、自分が数十万円で売った株式が数カ月後に億単位になったと知ったら相手はどう思うでしょうか？"
"名義株があるのだが、どうすればいいか？","最終的には契約書で売り手が責任を持つ。名義株主から名義株であることの確認書をもらう。買い手がリスクテイクできる資料を揃える。最終契約書の「表明・保証」で売り手が保証する。"
"事業の一部だけ残すことはできるのか？"
"事業を分けて売るのと一括で売るのでは、どちらが売りやすいか？","一般的には、切り分けて売ったほうが価値は高くなります。M&A後の事業・組織に関する12の質問。"
"自分はどうなるのか？","社長に残れることもありますが、管理職としてです。"
"誰が社長になるのか？","「中間管理職」として優秀な方が来ます。"
"債務の個人保証は外してもらえるのか？","外さない買い手はほぼ皆無です。"
"役員はどうなるのか？","ある程度能力があれば続投になるケースが多い。"
"息子が役員だが、残れるか？","能力があれば残す買い手は多いです。"
"従業員に不利益変更はないのか？","買い手次第なので、しっかりと見極めましょう。"
"ブランド名は残るのか？","買い手が決めることであり、引き継いでくれる相手を選びましょう。"
"会社名は変わらないのか？","こちらも買い手次第なので、よく検討を。"
"合併で会社がなくなることは珍しいことなのか？","M&Aスキームとしては稀だが、M&A後の合併は珍しくない。"
"ファンドに売ることの注意点は？","M&A後の事業運営に関しては相当な覚悟が必要。"
"PMIについて売り手が気を配ることはあるか？","特に従業員さんたちに気を配りましょう。取引先への挨拶は速やかに行うこと。従業員さんの衝撃は予想以上であり、特に気を使うこと。事業の引継で知ってもらうべきことは何度も伝えること。"
"上場会社に売った後、連結決算は何をすればいいのか？","基本はそのままですが、親会社へのレポーティングが必要になります。買い手探しと選択に関する10の質問。"
"買い手候補はどのように探していくのか？","M&Aアドバイザーを雇い、入札で買い手を探すのが一般的。"
"やっぱりたくさんの買い手候補と会ったほうがいいか？","買い手集めは量よりも質のほうが重要。"
"M&Aマッチングサイトについてどう思うか？","初心者には難しいツールだと考えています。"
"ショートリスト作成時の留意点を教えて欲しい。","売りたい相手をイメージしてから作りましょう。"
"ノンネームシート作成時のコツを教えて欲しい。","濃度を変えて複数作成しましょう。"
"良いインフォメーションメモランダムとはどういうものか？","買い手の立場になって、欲しい情報を提供してください。"
"入札前に出したくない情報開示を求められたが、どうすべきか？","断って構いませんが、その理由は明確にしましょう。"
"買い手が描いている事業計画を評価する際のポイントを教えて欲しい。","「理想的か？」と「現実的か？」の２つの視点で評価しましょう。"
"買い手が事業計画を提出してくれない場合はどうすべきか？","簡単なメモでもわかればOKです。"
"M&Aが下手な買い手企業に特徴はあるか？","デューデリジェンスがいい加減な買い手は、たいていM&Aが下手です。外部の弁護士・会計士任せで、会社の人間が現場に来ない。DDチームの質問が表面的で、ビジネスの本質に踏み込んでこない。キーパーソンを確認したり、面談を希望したりしない。名義株など、中小企業M&Aではよくある些末な問題に時間を使いすぎる。M&Aアドバイザーに関する13の質問。"
"M&Aアドバイザーは必要なのか？","成功を目指すなら使うことをおすすめします。"
"守秘義務契約って本当に効果があるのか？","立証・損害賠償請求は困難なので過信は厳禁です。"
"安いM&Aアドバイザーを使うことのデメリットは？","実力はアドバイザー次第であり、見極めが重要です。"
"仲介アドバイザー報酬は値切れるのか？","「売れる会社」なら、少しだけ値切れることもあるようです。"
"「売り手は無料」の「仲介」アドバイザーの問題点は？"
"複数のM&Aアドバイザーを併用することは可能か？","基本的には受けてもらえません。"
"オススメのM&Aアドバイザーは？","個人単位で、ご自分の成功定義に最適なアドバイザーを選びましょう。"
"M&Aアドバイザーを評価する際に重視しているポイントは？","一番はプレゼン能力だと考えています。"
"FA（ファイナンシャルアドバイザー）と契約したいのだが可能か？","ちゃんとしたFAを使うには、ある程度の事業規模が必要です。"
"顧問税理士がFAをやると言い出したが、大丈夫か？","出来る税理士もいますが、多分大半はお話になりません。"
"M&Aアドバイザーと契約する際の注意点は？","契約解除条項には気を付けましょう。"
"M&Aアドバイザーと突然連絡がつかなくなったが、どうすればよいか？","一方的に契約解除を通知し、忘れましょう。"
"仲介アドバイザーのせいで大損したのだが、訴えられるか？","FAはともかく、仲介ではなかなか難しいと思います。M&Aスキームに関する９つの質問。"
"使えるM&Aスキームの選択肢を教えて欲しい。","中小企業M&Aに使えるのは以下の４つのスキームです。単純な株式売買を用いたスキーム。ヨコの会社分割（分割型分割）を用いたスキーム。事業譲渡を用いたスキーム。タテの会社分割（分社型分割）を用いたスキーム。"
"M&Aアドバイザーが単純な株式売買しか説明しないのだが、なぜか？","「自分が楽だから」か、「よく知らないから」でしょうね。"
"会社分割はM&A契約締結の前にすべきか？後にすべきか？","M&A契約後の着手がおすすめです。"
"ヨコの会社分割で対象会社を債務超過にすることは可能か？","債務超過自体は可能ですが、不自然な場合は税務否認リスクが高まります。"
"ヨコの会社分割では減資が必要と聞いたが本当か？","減資する処理方法もありますが、実際にはほとんど見たことがありません。"
"M&Aで合併はほとんどないと聞いたが本当か？","ある意味本当で、ある意味嘘です。"
"会社分割をする際の注意点を教えて欲しい。","ちゃんとしたプロを雇い、従業員のケアに意識しましょう。"
"子会社を売りたいのだが良い方法はないか？","合併や会社分割、配当を組み合わせれば大きな節税になることも。"
"会社分割や事業譲渡では売掛金や買掛金は移転対象になるのか？","移転対象にしないことが多いです。M&A価格と税金に関する23の質問。"
"当社はいくらぐらいで売れるのか？","やってみないとわかりません。"
"「DCF法」なら適正な株式価値が算定できると聞いたが？","M&A価格は「理論的な価値」では決まりません。"
"多くの会社が「年買法（年倍法）」を使っていると聞いたが？","買い手の運用法がわからないので、できません。"
"高く売るためのコツを教えて欲しい。","入札前の適切な情報開示が最重要です。会社（事業）の価値そのものを引き上げる。会社（事業）の価値を買い手に正しく理解させる。"
"今が売り時だと思うか？","売り時は外部要因ではわかりません。"
"赤字だが、売れるだろうか？","条件は悪いが売れることは十分ある。"
"税金はどのぐらいかかるのか？","譲渡益に対し、個人なら約20%、法人なら33～36%。個人が株式を譲渡した場合、譲渡益に対して20.315%の所得税等が課されます。法人が株式や事業を譲渡した場合、33～36%の法人税等（外形標準課税含む）が発生します（他の損益と通算）。スキーム別にどちらの税目が発生するかは以下の表をご覧ください。（なお、株主が個人の場合です）。M&Aスキーム	発生税目。単純な株式売買	所得税等（20.315%）。ヨコの会社分割スキーム	所得税等（20.315%）。事業譲渡	法人税等（33～36%）。タテの会社分割スキーム	法人税等（33～36%）。"
"税金面では所得税のほうが有利なのか？","常に有利とは限らず、ケースバイケースです。税目	有利な点	不利な点。所得税。法人税より税率が低い。譲渡収入の5%を原価に使える。他の損失と相殺できない。法人税に比べ譲渡原価が少額であることが多い。法人税。他の損失と相殺できる。所得税に比べ譲渡原価が多額であることが多い。所得税より税率が高い。譲渡原価が少額の場合に有利選択できる計算方法がない。"
"M&Aの税金で間違えやすいポイントは？","株式原価の5%選択は絶対に抑えましょう。"
"良い節税の方法はないか？","M&Aの節税策は３つあります。M&A対価の一部を役員退職金に振り替える方法。ヨコの会社分割で余計な税金を発生させない方法。タテの会社分割で法人税等の計算にする方法。"
"退職金は多ければ多いほど良いのか？","人によりますが、3,000～4,000万円がピークです。"
"税理士から「退職金は１度だけの創業者利益実現の機会で税率も低いので、たくさんもらったほうがよい」と言われたが、そうでもないのか？","退職金とM&A価格はトレードオフなので、意味はありません。退職金をもらう。株式を売って対価をもらう。"
"顧問税理士にヨコの会社分割は前例がないのでやめたほうがいいと言われたが、その点についてどう考えているか？","「磨き上げ」の範囲内で実施する以上、ほぼ問題ないと考えています。"
"ヨコの会社分割スキームで新会社に移転すべき資産を教えて欲しい。","買戻し対象になる資産はぜひ移しましょう。"
"ヨコの会社分割スキームで移さない資産はどう考えるべきか？","キャッシュを個人が受け取るか、会社に残すかで考えましょう。"
"債務は新会社に移さないほうがいいのか？","手続きを考えても、なるべく残したほうが得策。"
"ヨコの会社分割スキームは広く行われているのか？","税制改正以来、爆発的に増えています。※以下は税制改正が発表された直後に刊行された記述です。宮口徹『M&A・組織再編スキーム 発想の着眼点50』第２版より引用。"
"ヨコの会社分割スキームを税理士に相談したら、「スピンオフ税制の要件を満たしていない」と言われたが、大丈夫か？","スピンオフ税制は全然違う制度です。"
"ヨコの会社分割を行った場合、「役員退職金の上限」はどのように計算すべきか？","妥当な水準と主張できるかどうかで考えてください。"
"単純な株式売買をタテの会社分割にスキーム変更して節税するのは税務リスクが高いと言われたが、その点についてどう考えているか？","税務リスクはほぼないと考えています。"
"会社分割をすると繰越欠損金はどちらの会社の所属になるのか？","分割元会社（旧会社）の所属になります。"
"相続税はどのようになるのか？","通常、相続税は増えますので、対策と納税資金確保を考えましょう。"
"税務否認が心配なのだが、安心する方法はないか？","高品質な税理士と万全の対策を準備しましょう。M&A対象会社の財産に関する20の質問。"
"「磨き上げ」としてなにかやっておくべきことはないか？","100%後継者のためになることをすれば、それはすべて磨き上げ。"
"会社の借金はどうなるのか？","スキーム次第ですので、必ず確認しましょう。"
"自分が会社に貸し付けている役員借入金はどうなるのか？","通常はきちんと返してもらえます。"
"自分が会社から借りている役員貸付金はどうなるのか？","必ず返済が求められるが、会社分割でM&A対象から外したほうがよい。"
"会社が親戚や友人に貸しているお金はどうなるのか？","代位弁済を求められることが多く、分割でM&A対象外にしたほうがよい。"
"会社が社員に貸しているお金はどうなるのか？","事業上の意味が強ければ、買い手が引き取ってくれる。"
"個人所有の不動産を会社に賃貸しているがどうなるのか？","引き続き賃貸できるが、条件の見直しは求められることも。"
"一部不動産を手元に残して対象事業に貸したいがどうすればよいか？","会社分割でM&A対象事業から外すのがおすすめです。"
"中退共はどうなるのか？","子会社であれば継続可能ですが、買い手次第です。"
"経営セーフティ共済（倒産防止共済）はどう評価されるのか？","返戻額に税金分を差し引いて評価されます。"
"自分が住んでいる社宅はどうなるのか？","M&A後の買取りになりますが、会社分割がおすすめです。"
"自分が乗っている会社名義の自動車はどうなるのか？","社宅同様、買取りまたは会社分割で対象外に。"
"役員生命保険はどうなるのか？","こちらも会社分割で対象外にするのがおすすめ。"
"数年後のM&Aを予定しているが、生命保険を使って会社の価値を上げる方法はないか？","ちょっと思い浮かばないですね・・・。色々考えましたが、残念ながら有効な方法は思いつきませんでした。M&Aでは保険返戻金が膨らんでも、返戻時に発生する税金はキッチリ差し引きますので、単純返戻率が100%を超える法人保険でない限り難しいように思います。返戻率のピークに合わせてM&Aを成立させるというのもまず無理ですし。（これをご覧の保険代理店さんで、良い保険の使い方をご存じであればぜひ教えてください）。"
"オペレーティングリースはどうなるのか？","そのままでは大損になるため、会社分割がベスト。"
"友人の会社の株式を会社名義で持っているが、どうすればよいか？","買える額なら買戻し、買えないなら会社分割で。"
"繰延税金資産／負債は中小企業の買い手も計算に入れているのか？","M&Aは専門家が関与するため、最終的には必ず気付く。"
"M&Aが成立した期の損益は価格にどう反映されるのか？","厳密に調整することもありますが、ざっくりやるほうが多いです。"
"デューデリジェンスでは対象会社の問題点を積極的に言うべきか、訊かれるまで言わないべきか？","あなたのM&Aの目的次第だと思います。"
"価格交渉中、「未払残業代があったのでその５年分減額してほしい」と言われたが、何か良い反論はあるか？","相手が合理的な交渉かを探り、落としどころを探しましょう。"
譲渡の相談はどのようなタイミングでするのがいいですか。,なるべく早い段階でのご相談をお勧めしています。よりよい条件での譲渡を実現させるためには相応の時間も必要です。M&A成約までは早ければ3カ月～半年と言われていますが、譲渡後の引継ぎ期間を考えると数年に及ぶ事業です。最も大きなリスクは『譲渡のタイミングを逃す』ことです。M&Aはあくまでも経営の選択肢の一つですから、まずはご相談 (無料) ください。
仲介を正式に依頼してから成約するまでどれくらいかかりますか。,目安は3～4ヶ月程度です。ただし、条件や経営環境によって時間がかかるケースもあります。
北陸地方以外のエリアへ事業拡大したい。対応していただけますか。,当社は北陸3県の仲介を多くさせていただいていますが、全国対応できます。また、全国に提携ネットワークを持っていますので、ご要望のエリア企業様とのマッチングが可能です。
会社の譲渡を検討している経営者の年代はどれくらいでしょうか。,会社を譲渡する理由の多くは、後継者不在によるものが多く、その場合経営者の年齢は50代～60代が多いのですが、ここ最近は、自社の成長戦略や企業の更なる発展の為に譲渡を検討される若い経営者の方も増えてきております。
会社を譲渡するにあたり、従業員の雇用と待遇を守ってもらえますか。,M&Aを実行する際、売り手企業の従業員の継続雇用と待遇面の維持を契約条件に入れることは一般的です。譲渡後に従業員が不利益を被ることのないように、当社は社長の意思を尊重して頂ける買い手をお探しします。
M&Aの仲介会社はどのように選べばよいのでしょうか。,留意すべきポイントはいくつかあります。経験と実績があり成約率が高い豊富な情報量を持ち、希望する地域に精通している会社であるか心情を理解し、真摯に対応してくれるかM&Aでは、よいお相手探しには豊富な情報量と経験値が必要です。そして、信頼できるコンサルタントがいる会社というのは重要なポイントです。また、地方の企業が売り手になる場合などは、地域に密着した業務対応をしてくれる会社を選ぶのもよいと思います。問題が発生したときには、すぐに駆けつけてもらえるというフットワークの良さもポイントになります。まずは、電話や面談を重ねて慎重にご判断ください。
赤字、債務超過の会社でも譲渡は可能でしょうか？,できないことはありませんが、ハードルは高くなります。収益力が十分にある事が重要なポイントとなります。債務超過会社でも売却可能なことはあります。債務超過会社とは資産よりも負債が多い会社ですが、資産を時価評価すると債務超過ではないこともあります。この場合は問題なく売却できる可能性はあります。M&Aにおける価値とは、買い手にとっての価値です。顧客リストや人材、技術などは目に見えない資産です。今の会社では活用できていないものも、買い手が利用すれば価値が生じ、シナジー効果を生みます。会社の売買価格は、相手次第で何倍にもなることはよくあります。
仲介会社（アドバイザー）を使わずにM&Aをするのは難しいですか。,もちろん、当事者同士で交渉いただくことも可能です。しかし、M&Aの交渉はきわめて複雑です。税金、法律、従業員の雇用の問題など、専門的な知識を必要とする場面が多いものです。契約書や覚書も作成しなければなりません。さらに当事者同士では言えないこと、聞けないこともあるでしょう。後々トラブルや訴訟をおこすこともよくあります。M&Aを成功させるためにも、経験豊富なノウハウのあるアドバイザーが必要不可欠と思います。
希望の相手先は必ず見つかりますか。,当社は中堅・中小企業向けM&A仲介業務を専業としています。豊富な実績を強みとして、日々多くの「買収ニーズ」が集まってきているので、オーナー経営者様の希望に叶うお相手先候補を幅広くご紹介することが可能です。
うちのような小さい会社でもM&Aの対象になりますか。,M&Aというと大企業同士で行われているイメージがあるかもしれませんが、実はここ数年で中小・中堅企業でも活発にM&Aが行われるようになりました。主な要因は社長の高齢化と後継者不在です。しかし、最近は企業の成長戦略のひとつとしてM&Aによる買収をする企業が多くなり、中小企業同士のマッチングが増えてきました。
企業評価はどのように行われますか。,通常、企業評価はその企業の収益力・資産価値などを含め総合的に評価します。評価方式としては、時価純資産方式・DCF方式など幾つかあります。当社では企業評価の算定業務も行っておりますのでまずはご相談ください。
仲介をお願いした場合、どういう費用が必要ですか。,弊社にて仲介業務を受けさせていただく場合「仲介手数料」が必要になります。この手数料の金額等につきましては、案件によって異なります。事前に必ず詳細をご説明させて頂いておりますのでどうかご安心ください。それ以外の費用としては、買収監査や特別な調査費用などは実費でご負担頂くことがあります。
成約前に、従業員や金融機関、取引先へ知られてしまうことはありませんか？,事前の秘密保持契約の基にお話を進めますので、当社から情報が他に漏れることは一切ございません。また、譲渡企業、買収企業ともにM&Aに関する情報は基本社長だけ、もしくは必要に応じて情報開示する方をアドバイスさせて頂いています。必要な方以外には情報が漏れないように徹底することが重要です。
私の会社はおよそいくらで売れるのかが知りたいのですが、簡単に知る方法はありませんか？,おおよその目安ですが、あなたの会社の「営業利益の5倍から10倍」という計算方法や、「会社の純資産+資産の含み益の50%～100%+営業利益の2～3年分」という計算方法もあります。もう少し正確な方法はこちらをご利用ください。中小企業庁ホームページ「事業承継ガイドライン20問20答」
-A16参照http://www.chusho.meti.go.jp/zaimu/shoukei/shoukei20/download/shoukei.pdf
なぜM&Aには仲介者が必要なのでしょうか？アドバイザーを使わずにM&Aをやるのは難しいですか?,M&Aを失敗に終わらせないために、助言役として経験豊富なノウハウのあるアドバイザーが不可欠です。もちろん、当事者同士で交渉することも可能です。しかし、M&Aの交渉はきわめて複雑です。税金の問題、法律の問題、従業員の雇用の問題など、専門的な知識を必要とする場面が多く、契約書や覚書を多数作らなければなりません。さらに当事者同士ではどうしても遠慮しがちで、聞きたかったけれど聞けなかった、ということで後々トラブルや裁判になることもよくあります。M&Aを失敗に終わらせないためにも、助言役として経験豊富なノウハウのあるアドバイザーが不可欠です。
M&Aにおいて営業権がなぜ重要なのですか？,営業権の認識しだいで、会社の売買価額が何倍にも異なることがあるからです。シナジー効果(相乗効果)をどのように認識するかということ、そのシナジー効果を売り手と買い手との間でどう配分するかという問題に直接関連する重要なことです。プロが介在しないで当事者同士がやったM&Aの場合には、営業権はあまり顧慮されることはないのですが、本来のM&Aの世界では、赤字会社においてさえも営業権が生じることもあり、大変重要です。営業権とは、いわゆる「のれん代」といわれるもののことで、その会社や事業で培われた高いブランド力や信用力、技術力などの高さにより、通常の会社よりも高い収益力(超過収益力)をもつ場合における、その超過収益力の価値を言います。税法上の財産評価通達においても、営業権は、その会社が一定の水準よりも高い収益性を持つときにのみ算定されることになっています。したがって、赤字会社には営業権が算定されることはありません。しかしながら、M&Aにおいては、その会社が現在、超過収益力があるかだけではなく、買収後、将来において超過収益力が生じるかどうかがポイントになります。
営業権はどのように計算するのですか？,営業権の算定方法には、直接法と間接法がありますが、M&A実務においては、間接法を駆使することで、売り手に有利な価格交渉が可能となります。直接法は例えば、営業利益の3年分というように営業権を直接算定する方法です。間接法（差額法）は、まず企業価値全体を、DCF法やマルティプル法等により算定評価し、その企業価値が、企業の時価純資産額を上回る部分を営業権として考えます。企業価値全体から、時価純資産を差し引いて、差額として間接的に営業権を計算する方法です。営業権の算定方式としては、直接法が多く採られます。営業利益の2～3年分とか当期利益の数年分といった計算が、シンプルでわかりやすいことが一番の理由でしょう。しかし、営業利益が過去の営業利益からのみ計算され、将来のシナジー効果が反映されないことが多く、通常は、M&Aの売り手には有利ではないといえます。
私の会社は債務超過会社ですが、売却は可能でしょうか？,債務超過会社や実質債務超過会社でも売却可能なことはあります。債務超過会社とは資産よりも負債が多い会社ですが、資産を時価評価すると債務超過ではないこともあります。この場合は問題なく売却の可能性はあります。実質債務超過会社とは、不動産など含み益のある資産を時価で実質評価しても、なお資産より負債の方が多く、利益も上がっていないため、そのままでは営業権の価値もない会社を言います。いうなれば、会社の価値はマイナスというボロボロの状態です。しかし、売却は可能なことがあります。M&Aにおける価値とは、買い手にとっての価値です。顧客との信頼関係や、顧客リスト、人材、技術など、現状では活用できていない、目に見えない資産で、買い手が利用すれば価値が生じることはあります。それも一つのシナジー効果です。
会社の借入金に対して連帯保証しています。会社株式を譲渡した後の個人保証はどうなるのでしょうか？,通常のM&Aでは、連帯保証と担保の差し入れは、早い時期に金融機関と交渉して買い手企業に肩代わりしていただく事になります。M&Aは株式を譲渡し、代表権（経営権）を譲ってしまう事です。従って、連帯保証や担保の提供がそのままの状態だときわめて危険な事になります。連帯保証と担保の差し入れは、早い時期に金融機関と交渉して買い手企業に肩代わりしていただく事になります。一般的には、最終契約書の締結時に行います。ただし、「株式の一部を譲渡する場合」、「スポンサーとして大手企業に株を持ってもらって自社を上場する場合」、「引継ぎが極めて難しい業界で前経営者の全面的な支援が必要な場合」などは話し合いにより、連帯保証をはずさないケースもあります。
M&Aにより上場と同じ成果が得られる方法があるそうですが、本当ですか？,上場企業との株式交換の仕組みを使った経営統合型のM&Aの手法があります。地域の優良な会社と上場企業とが株式交換の仕組みを使い経営統合をする方法が増えてきました。株式交換によるM&A後、会社は上場会社の子会社の形で従来どおり存続し、社長も交代しません。地域の優良企業の株主側は、自社株と交換に上場企業の株式をもらいます。「裏口上場」と呼ばれることもある所以です。地域の優良会社では、単独では出来なかった資金調達や市場拡大などが上場会社の信用力、情報力を組み合わせることで出来るようになり、業績が向上します。そうすると、連結ベースで上場企業の業績が向上し、自社株と交換に取得した上場企業の株式価格も上昇するという好循環になります。この方法に「条件付対価M&A」の手法を組み合わせるとより、売却側と買収側が強力なWIN-WINの関係を作ることができます。
会社の譲渡を検討している経営者の年代はどれくらいでしょうか？,会社を譲渡する理由の多くは、後継者不在によるものが多く、その場合経営者の年齢は50代～60代が多くなっています。またご子息が社内におられても自社の発展を考え譲渡を決断される方が非常に増えています。ここ最近では、自社の成長戦略や企業の更なる発展の為に譲渡を検討される若い経営者の方も増えてきております。
会社を譲渡するにあたり、従業員の雇用と待遇を守ってもらえますか？,M&Aを実行する際、譲渡企業の「従業員の継続雇用と待遇面の維持」を契約条件に入れることは一般的です。譲渡後に従業員が不利益を被ることのないように、当社は社長、ご親族の意志を尊重して頂ける買い手をお探しします。
M&Aの仲介会社はどのように選べばよいのでしょうか？,留意すべきポイントはいくつかあります。・経験と実績があり成約率が高い・豊富な情報量を持ち、希望する地域に精通している会社であるか・心情・感情を理解し、真摯に対応してくれるかM&Aでは、よいお相手探しには豊富な情報量と経験値が必要です。そして、信頼できるコンサルタントがいる会社というのは重要なポイントです。また、地方の企業が売り手になる場合などは、地域に密着した業務対応をしてくれる会社を選ぶのもよいと思います。問題が発生したときには、すぐに駆けつけてもらえるというフットワークの良さもポイントになります。まずは、電話や面談を重ねて慎重にご判断ください。
赤字、債務超過の会社でも譲渡は可能でしょうか？,できないことはありませんが、ハードルは高くなります。収益力が十分にある事が重要なポイントとなります。債務超過会社でも売却可能なことはあります。債務超過会社とは資産よりも負債が多い会社ですが、資産を時価評価すると債務超過ではないこともあります。この場合は問題なく売却できる可能性はあります。M&Aにおける価値とは、買い手にとっての価値です。顧客リストや人材、技術などは目に見えない資産です。今の会社では活用できていないものも、買い手が利用すれば価値が生じ、シナジー効果を生みます。会社の売買価格は、相手次第で何倍にもなることはよくあります。
仲介会社（アドバイザー）を使わずにM&Aをするのは難しいですか？,もちろん、当事者同士で交渉いただくことも可能です。しかし、M&Aの交渉はきわめて複雑です。税金、法律、従業員の雇用の問題など、専門的な知識を必要とする場面が多いものです。契約書や覚書も作成しなければなりません。さらに当事者同士では言えないこと、聞けないこともあるでしょう。後々トラブルや訴訟をおこすこともよくあります。M&Aを成功させるためにも、経験豊富なノウハウのあるアドバイザーが必要不可欠と思います。
うちのような小さい会社でもM&Aの対象になりますか？,M&Aというと大企業同士で行われているイメージがあるかもしれませんが、実はここ数年で中小・中堅企業でも活発にM&Aが行われるようになりました。主な要因は社長の高齢化と後継者不在です。しかし、最近は企業の成長戦略のひとつとしてM&Aによる買収をする企業が多くなり、中小企業同士のマッチングが増えてきました。
企業評価はどのように行われますか？,通常、企業評価はその企業の収益力・資産価値などを含め総合的に評価します。評価方式としては、時価純資産方式・DCF方式など幾つかありますが「時価純資産＋時価営業権」で株価を算定する場合がほとんどです。当社では企業評価の算定業務も行っておりますのでまずはご相談ください。
成約前に従業員や金融機関、取引先へ知られてしまうことはありませんか？,事前の秘密保持契約の基にお話を進めますので、当社から情報が他に漏れることは一切ございません。また、譲渡企業、買収企業ともにM&Aに関する情報は基本社長だけ、もしくは必要に応じて情報開示する方をアドバイスさせて頂いています。必要な方以外には情報が漏れないように徹底することが重要です。
M&Aで成功している企業とは？,　M&Aで成功している企業は、「対象会社の事業が自社の企業目的に合致しているか」を一番に考えています。「どんなに儲かっている会社でも、自社の企業目的に沿わない事業は結果的にうまくいかない」と今までに複数社のM&Aを成功させている経営者は言います。企業は人であり、経営陣をはじめ社員全員がやる気になるM&Aの仕組み・やり方でなければ、結果的に成功しないとも言います。また、安すぎる売買金額にも問題があり、相手の足元を見るような交渉は絶対にしてはいけないと断言します。　M&Aで成功している企業は、売却するオーナー経営者の気持ち、引き続いて仕事をする役員・社員の心情を重要視し、取引先との取引継続を大事に考え、何よりM&A後の魅力的な企業像や将来ビジョンを描ける会社です。そうした結果、業績が向上しM&Aを成功に導くことになっているのです。
会社譲渡を機会に、経営改善はできますか？,　後継者がいない経営者の方は、「後継者を確保すること」と、「もっと良い会社にすること」を常に考えていらっしゃいます。M&Aが成立し株式譲渡をした後でも、創業者は経営改善意欲を強く持っておられます。　最近のM&Aでは、「創業者に3～5年間経営執行を任せる」ことを条件にする事例が増えてきています。企業を数十年間手塩にかけて育てた創業者に、企業経営を任せることが一番良いのは間違いありません。　創業者の方も、親会社の意向を前面に大胆な経営改善に取り組むことが出来ます。赤字を出すまでには至っていないが、5年後の業界のことを考えると大幅な業態変換に取り組む必要性を感じていても、実行に移すことは難しいですが「親会社の意向」を錦の御旗に、実行に移すことが可能になります。 経営改善は大変難しく、慎重且つ大胆に行うべきで、創業者と親会社となる経営者との強固な信頼関係がなければ、成り立ちません。信頼できる経営者を探すことが、M&Aではとても大切なことです。
会社を譲渡した後、子供が継続して仕事をすることは可能ですか？,　最近、「ご子息が会社にいても会社譲渡を考えている」という経営者の方と多くお会いするようになりました。お話を伺うと、「自分が起業した時は高度成長期で、一所懸命仕事に打ち込めば何とか会社は運営できた。しかし今は時代が違う。ただ頑張るだけでは存続ができない。」「自分と比べて会社経営に対する必死さが違う。」「子供が社長を継ぎたくない、と言っている。」と言われます。そして、同業者あるいは周辺業界で知名度や財務体力があり、信頼できる経営者への会社譲渡を考えています。　一方、会社を譲受け、M&Aを成功させてきた経営者にお聞きすると「創業者の息子に引続き役員として仕事をしてもらえることは、創業家と円満な事業承継ができていることを取引先、金融機関、従業員等にアピールでき、大変ありがたい。」と仰られます。成功する経営者の方は、単に資本の論理で支配するのではなく、心・気持ちの部分を大切に経営をされています。　会社を譲渡した後、ご子息が引続き会社で仕事をすることは多くの場合、可能であると思います。会社譲渡の交渉の過程で、譲受側経営者の考え方をしっかりと見極めることが大事です。
利益が出ていない会社は、売却できませんか？,　利益が出ていない会社も、譲受側でシナジー効果が発揮できれば売却できます。　うどん・そば店を十数店舗経営している創業経営者が、高齢のため株式譲渡を考えました。この会社は、最近の競合店との価格競争に巻き込まれ利益が出ない状況になっていました。　そこで譲受先として当社が提案したのが、「うどん・そばを製造する食品メーカー」です。このメーカーでは、従来の小売店、スーパーへの卸販売から、粗利益の高い直接販売への展開を考え、うどん・そば店の店舗展開を検討している段階で、正に「M&Aで時間を買う」という状況でした。 株式譲受後は、積極的な店舗展開と原価低減により業績を伸ばしています。　このように、譲受側で確実なシナジー効果が見込めるタイミングであれば、利益の出ていない状況でも売却は可能です。
100%株式譲渡でないとM&Aは成立しませんか？,　会社譲渡の仕方は千差万別、譲渡側と譲受側の双方の経営者の考え方で色々な方法により行われます。　ある特殊フィルムを製造しているメーカーでは、原材料商社と最初30%の資本・業務提携から始め、1年間相乗効果が発揮できることを見極めた後、51%の株式譲渡をしました。その後、創業社長が引続き経営を執行され、70歳を向かえる5年後に残り49%の株式を売却、社長を退任されました。　5年間、譲受企業と仕事での相乗効果を確認され、一番望まれていた会社継続に確信を持った上での会社譲渡でした。　経営者の考えを専門家に伝え、一番望まれる方法でM&Aに取り組んで頂きたいと思います。
自分の会社がどのくらいの金額で売却できるか知りたいのですが？,　当社では、3期分の決算書等資料をご準備いただければ、無料相談にて「株式売買の目安金額」の算出をいたします。ただし、株式を譲受ける会社の目的、譲受け後の事業戦略により、株式評価金額に差が出てまいります。株式譲受会社を探す場合、株式を取得した企業グループで売上増加、原価低減、経費削減などの効果が最大限に発揮できる業種・業態を選び出すことが、重要な作業になります。そして、その中でもっとも相乗効果が出せる具体的企業を探し出します。　まずは、株式売買目安金額の算出から取り組んでください。
会社売却手続き完了まで、どれくらいの期間が必要ですか？,　売却手続き完了に必要な期間は、個々の会社の事情によって変わります。　経営者が元気に第一線で活躍している会社で、後継者不在の場合、単純な株式売却だけではなく、創業から脈々と受け継がれる理念・経営方針も引き継いでほしいと思うものです。また、業界で誇れる製品・技術を経営者自ら研究・開発してきた場合には、買収側経営者の製品・技術への思い入れがどれくらい強いかということが、売却先選定の判断基準になります。このような場合、理念・経営方針や製品・技術への思いを、相互に一つひとつ確認していくことになりますので、最低でも6ヶ月は必要です。　その他の事情、例えば会社の資金繰り、経営者の体調といった理由でM&Aを急ぐ場合には、3ヶ月程度の時間でも相手先を見つけることは可能です。ただし、このような場合は、売却条件のハードルを低くすることも必要となりますのでご注意ください。
会社の資産内容によって株式売買金額は変わりますか？,　中小企業の株式売買金額の算定には、「純資産価額方式」が多く利用されます。　「純資産価額方式」は、保有資産を時価で再評価する方法ですから、金額が確定している「預金」、「上場会社の株式」、「優良企業への売掛金」などは、算定金額に異論の余地はありません。これら金額が確定している資産に対して、「未上場会社への出資金」、「未利用・未活用の不動産」、「事業では使っていない収益用不動産」など時価がわからない資産については、譲受企業は評価の安全性を考え、想像以上に低い金額算定を行う傾向にあります。　経営者が会社譲渡を考え始めたのなら、過去に知り合いから勧められて取得した「未上場会社への出資金」、「未利用・未活用の不動産」などは、売却の検討（知り合いへの相談）をすることを推奨しています。また、安定収益確保の為に保有している「事業では使っていない収益用不動産」も、思ったより算定金額が低いことがあります。これらの資産を事前に売却するか、時価で会社から経営者個人が買取を行い現金化することにより、会社資産の透明化が図られ、譲受企業との株式売買金額算定の交渉がスムーズに進むことになります。
会社譲渡をうまく進めるにはどうしたら良いでしょうか？,会社譲渡の最適な相手方を、円滑に、しかも短期間で探し出すことはとても難しいことです。そこで、最適な相手方を探すために、会社の歴史『社史』を作成することをお勧めします。 『社史』といっても社員や取引先に配布するものではないので、綺麗に製本したものでなくて結構です。　経営者自らが書いた『社史』によって、もっとも身近な相談相手である我々アドバイザーに、創業の理念、現在までの事業継続の秘訣、最大の困難克服のためにとった施策、現在の主力商品開発秘話、事業パートナーと協業するに至った経緯、優秀な社員を継続的に育成できるきっかけとなった出来事、などを自分の言葉で綴って頂きたいのです。　この『社史』の本質的な意味合いを我々アドバイザーが理解することで、創業経営者がどのような経営者に会社を引き継いでもらいたいかを、本当の意味で共有できるようになるのです。　ただし、経営者一人で作成することは、非常に時間もかかりますし、大変な作業ですので、私どもがヒアリングをしながら『社史』作成のお手伝いをさせて頂きます。
会社の売買金額は、どのように決まるのですか？,　中小企業の会社譲渡の場合の売買金額（株式譲渡金額）は、『純資産＋年間営業利益の３年～６年分（営業権）』の金額の範囲内で決定することが多くなっています。株式金額の評価方法には、「純資産価格方式」、「ディスカウント・キャッシュ・フロー方式（ＤＣＦ法）」など色々ありますが、最後の金額決定は経営者同士の考え方次第で個別に決まります。また、利益が出ていない譲渡会社の場合も、事業シナジー効果の出せる譲受企業は、将来を見て金額を提示、売買取引がされることがあります。株式譲渡金額は、会社の事情、人材を含めたノウハウ、設備の状況、顧客基盤など、譲渡・譲受会社の個別内容により、決定されることになります。
会社を売却すると経営者はどうなるのでしょうか？,　中堅・中小企業の場合、創業経営者の方の力で会社が支えてられているケースが多いので、株式譲渡と同時に会社から身を引かれると、取引先や社員の方が不安に思われるものです。株式譲渡の後も会長職あるいは相談役、顧問などの肩書きでしばらくの間は会社の残られることが一般的です。
社員の雇用は継続されますか？,　譲受企業側では、譲渡企業の社員の方に従来と変わらず業務に携わっていただくことが大前提です。また社員の方の士気を落とさないためにも、雇用条件は引き継ぐことが一般的です。なお、譲受企業の企業規模が大きい場合には、福利厚生、休日など社員の方にとって雇用条件が良くなることも多くあります。　何にも増して、企業の実体であり、技術やノウハウを持って事業を運営するのは「人材」ですから、社員の雇用を守り、その能力や才能、自発性をより引き出すようなM&Aを心がけています。
個人保証は解消されますか？,　多くの中堅・中小企業では、経営者の方が銀行からの借入金に個人保証をしています。会社譲渡が行われる場合、個人保証解除を条件にM&Aが行われ、譲渡後に個人保証が解除されます。
会社名は変わるのでしょうか？,　会社譲渡が行われた後も、会社名はそのまま継続して使用されることが一般的です。譲受を行う企業側でも従来の取引先と円滑に業務遂行を行うためには、会社名はそのまま使用したいとの希望を多くの企業が持っています。
どのようにM＆A仲介会社を選べばよいのでしょうか？,M＆A仲介会社によって、買手案件の保有数・得意地域や業界・アドバイザーの経験などが異なります。弊社は、全国各地のM＆A仲介会社と提携していますので、貴社と相性が良いと思われるM＆A仲介会社をご紹介させていただきます。
知っている会社とのM&Aであれば、M＆A仲介会社や専門家に依頼する必要はありませんか？,経験豊富な仲介者が不可欠だと思われます。もちろん当事者同士の交渉も可能ですが、M＆Aの実務では、税務・法務・労務など広範囲に専門的な知識が必要です。また、知っている会社同士では、お互いに遠慮して細かい交渉ができなかったり、知識不足によって必要な交渉がなされていなかったりすることで、M＆A後にトラブルが多発して結局ケンカ別れしてしまうケースがよくあります。知っている会社同士であれば尚更、経験豊かな専門家のアドバイスに沿ってM＆Aを進められた方が安心と考えます。
株が分散しているのですが、M＆Aは可能ですか？,利害関係者が増えることになり、交渉が難しくなることは間違いありませんが、株主の意思統一ができればM＆Aは可能です。
自分の会社を売却した後、従業員はリストラされないのでしょうか？,一般的な友好的M＆Aの場合、従業員の雇用の継続や待遇の維持がM＆A契約書に盛り込まれます。また、買手様は逆にノウハウのある従業員に辞められると困ると考えているケースが大半です。
売却をすることが決まった後は、いつ従業員・取引先・銀行に話せばよいのでしょうか？,ケースバイケースですが、一般的には売却完了後に話す方がよいです。売却プロセスの途中で話がもれるとM&A自体が破談するケースも数多くあるため、注意が必要です。ただし、借入の状況によっては銀行に、契約内容によっては取引先に、事前に話をしなければいけないケースもあり、どの利害関係者にどのタイミングで話すかが非常に重要になります。
売却にはどれくらいの時間がかかるのでしょうか？,案件によりますが、半年～１年程度かかるケースが多いです。もちろん、期日が決まっている等スピードを重要視される場合は、スピード感を持って対応させて頂きます。ただし、どれだけ早くてもご相談から２～３か月はかかることが多いので、なるべく余裕をもって相談頂けると幸いです。
譲渡後に会社に残ることは可能でしょうか？,可能です。もちろん買手の意向と売主様の意向を調整する必要はありますが、売主様の意向は尊重されます。ただし、一般的に高齢の売主様は、相談役や顧問として1年程度の引継期間を経て、リタイヤされることが多いです。年齢の若い売主様の場合は、役員等で会社に残り、活躍されるケースもあります。
M&Aが失敗するのはどのような時ですか？,様々なパターンがありますが、主に以下パターンになると思います。①最終契約締結前に情報が漏洩してしまう　②売主様・買主の情報に虚偽がある　③お互いに対して配慮がない発言を行う　場合です。M&Aは、秘密保持が全てといっても過言ではなく、最も重要になります。また、売主様に嘘があった場合、いずれ買収監査で嘘が判明しますし、買手に嘘があった場合は、買収後の会社運営が円滑にならなくなります。
なぜM&Aには仲介者が必要なのでしょうか。アドバイザーを使わずにM&Aを行うのは難しいですか？,経験豊富な仲介者が不可欠だと思われます。もちろん当事者同士の交渉も可能ですが、M＆Aの実務では、税務・法務・労務など広範囲に専門的な知識が必要です。また、買手はM＆Aに慣れている場合が多いですが、売主様は初めてであることが大半です。一方的に買手が有利な条件で交渉を進められないよう、中立の仲介者が必要と考えられます。
M&Aにおいて営業権がなぜ重要なのですか？,営業権次第で、会社の売買価格は大きく変わることがあるためです。営業権の算出には、過去の決算における利益状況が大きく影響するケースが大半ですが、業種や業態、取引先、技術力も加味される場合がありますので、経験豊富なアドバイザーに営業権の算出を依頼する必要があります。
会社を売却した後の従業員の処遇はどのようになりますか？,中小企業のM＆Aは、友好的なM＆Aが一般的です。友好的M＆Aの場合、従業員の雇用継続や待遇維持がM＆A契約書に盛り込まれますので、基本的にM＆Aの前後で従業員の処遇が大きく変わることはないと思われます。買手の規模が売主様の規模より大きいことが大半ですので、むしろM＆A後の方が福利厚生を含め、従業員の待遇が改善されるケースも多いようです。
中小企業と大企業のM&Aは何が違うんでしょうか？,大企業のM＆Aは、上場会社やその子会社による大が小を飲み込む敵対的なM＆Aや間接部門の統合を目的としたリストラを伴うM＆Aが多く見られます。一方、中小企業のM＆Aは、売手、買手、双方の企業文化などを尊重し、双方の意思に基づく友好的なM＆Aが大半です。
なぜ、中小企業のM&Aが増えているのでしょうか？,最も多いのは、経営者の平均年齢があがることによる事業承継問題を契機として会社売却をされることが多いです。ただし、単純に後継者がいないというだけでなく、「業界の先行き不安」・「労働力確保が難しい」・「事業環境の不確実性」等の様々な要因が複合的に絡まり、会社を売却するケースが増えております。そのため、ご子息がいるにも関わらず、会社売却をされている経営者も年々増えております。
相談にくる経営者の年齢は何歳くらいでしょうか？,多いのは、５０～６０代の方になります。勿論７０代以上や３０～４０代の方の相談にもお答えしておりますので、お気軽にご相談ください。
M&Aの相談をするときに、用意したほうがよい資料等はありますでしょうか？,可能であれば、３期分の決算書をご用意ください。ただし、決算書がなくても相談頂くことは可能ですので、お気軽にお問い合わせください。
M＆Aとはどのようなものですか？,M＆Aとは、Merger ＆ Acquisitionの略で「合併と買収」という意味ですが、実際には規模拡大や事業撤退・縮小などを目的として行われる、合併・株式取得・経営統合・会社分割・MBOなど様々な手法を含めた広い意味での企業間提携の総称として用いられています。
なぜM＆Aが必要なのでしょうか？,M＆Aは、経営戦略における有効かつ効率的な選択肢の一つとお考えください。昨今は、企業を取り巻く経済環境の変化に応じて企業自身も変化していくことが求められています。激変する経済環境への適合、競争スピードへの適応のために、M＆Aを選択する企業が増えています。また、中小企業においては後継者問題を解決するための事業承継対策として、M＆Aに注目が集まっています。
M＆Aというと大企業のものというイメージがあります。中小企業でもM＆Aはできますか？,M&Aは大企業特有のものではなく、むしろ、近年は中小企業におけるM&Aが活発に行われており、年々そのニーズは高まっています。会社の存続と発展のため、事業の「選択と集中」のため、後継者対策のため等々、その理由は様々ですが、厳しい経済環境を乗り切っていくための方策として、M&Aを活用する中小企業が増えているのです。ロシェルでは、中堅・中小規模のM&Aに特化した支援を積極的に行っていますので、お気軽にご相談下さい。
M＆Aを行うには、アドバイザーが必要でしょうか？,M&Aを行うにあたり、自力で対象候補を探すとなると大変な労力を要します。また、M&Aは非常に多くのステップを踏むため、専門家の協力を得てチーム体制を組んで進めていく必要があります。そして、M&Aを行う目的を明確にし、最後までこの目的意識を持ち続け、十分なメリットの得られないM&Aに手を出したり中途半端な妥協を行ったりすることなく交渉や作業を進めていかなければなりません。このような理由から、M&Aを成功に導くために、アドバイザーの存在が欠かせないのです。
M＆Aを行いたいと考えていますが具体的なことは決まっていません。相談して構いませんか？,構いません。むしろ早期のご決断で選択肢は広がりますので、是非お気軽にご相談下さい。ロシェルへご相談頂くことで、新たな可能性が拓かれる契機となるはずです。お客さまにとっての最適な方法を、専門家の視点からご提案いたします。
社員や取引先などに情報が漏れないようにM＆Aを進めていくことは可能ですか？,はい、可能です。M&Aを成功させるためには、「秘密保持」が絶対条件です。社員や取引先、金融機関に情報が漏洩してしまっては、無用な不安と混乱を招くだけです。ロシェルでは、関連書類の管理から交渉の日程、場所等、全てに配慮して水面下でプロセスを実行していきます。最終的なディスクローズ（発表）の段階まで安心してお任せ頂けるよう、機密情報の管理を徹底しています。
M＆Aはどのように進めていくのでしょうか？,まずはロシェルへご相談いただくことから始まり、その後、「調査」と「交渉」を経て重要事項を決定し、最終契約の締結となります。通常のM＆Aプロセス1、無料相談2、M＆A戦略の策定3、対象候補の選定4、対象候補の調査5、条件交渉6、基本合意書の締結7、デューデリジェンス（買収監査）8、最終条件交渉9、最終契約書の締結10、クロージング（代金の授受等）代金の授受、株券の引き渡しなどが済むと、買い手側では、買収した会社・事業を自社へ統合させる作業が必要になります。
M＆A成立にはどれ位の時間がかかりますか？,通常、売買契約の成立までに大体数か月から1年程度の期間を要します。もちろん、必要な時間は会社の規模や実行プロセスの複雑性によってケースバイケースですが、ある程度時間がかかるものだという認識を持って、余裕をもってご相談頂くことをお勧めしています。ロシェルでは、お客さまにとって最善のM&Aプロセスをご提案しています。是非一度、無料相談をご利用ください。
売買価格はどのように決まるのでしょうか？,売買対象となる「企業の価値」を示す絶対的な数値や評価方法というものはありませんので、最も事案に適した評価方法を用いて価値を算定します。 また、大企業と中小企業では評価方法が異なる部分もあります。評価方法にはいろいろありますが、実際の売買価格は、最終的に双方が納得できる値段を交渉によって決定することとなります。
赤字会社でも売れるのでしょうか？,結論から申し上げるとケースバイケースです。買い手企業から見て、赤字であっても欲しい場合はあります。例えばある特定の地域において強い販路を持っていたり、使ってはいないが上場企業の口座を持っているなどです。ですから、定量的に赤字会社はダメとか債務超過はダメといった対応はいたしません。まずは、ご相談ください。また、銀行からの有利子負債がある場合であっても、買い手企業の引き継ぎなどを経てM&Aが可能になるケースもあります。
従業員の未来を考えると譲渡に踏み切れないのですが。,お気持ちはよく分かります。社長ご自身はハッピーリタイアになっても残された従業員がハッピーにならなければM&Aは成功したとは言えないかもしれません。通常は、買い手企業は売り手企業より規模が大きい場合が多いので、従業員にとっては福利厚生や賃金の面で改善されることが多いです。しかし、従業員の知らないところでM&Aが進み、ある日を境に経営者やオーナーが変わることに戸惑いを感じる方もいるでしょう。そんなときは、M&A終了後も社長様が1年から2年のスパンで引継ぎ業務をすると良いと思います。買い手企業も下調べをしたとは言え、企業風土が異なった環境下でいきなり事業をスタートするよりも現任の社長様に期限付きで残っていただいたほうがスムーズにいくことが多いようです。
北海道を中心に譲渡先を探している。,当社は北海道に本社を置くM&Aの専門会社です。北海道の企業事情には明るいです。ただ、北海道はM&Aにおいては、まだ浸透しておらず、売り手よりも買い手が多い東京、大阪などの大都市圏とは事情が異なります。勿論、北海道の企業を北海道の企業に売却するほうが地理的にも心情的にもスムーズに行く場合もあるでしょう。しかし、当社は売り先は全国相手が良いと考えております。そうすることで、北海道外から人が流れ、ビジネスが流れ、ひいては御社のシナジーも全国規模へと拡大することが見込まれるからです。
こんな小さな会社でも売れるのか。,規模は関係ございません。買い手企業から見て、その事業を強く欲する動機があるかどうかが重要です。販路、仕入先、顧客層、地域、気候、将来性、知的所有権など、小規模企業であっても、持っているリソースまで小規模とは限りません。買収したい方へ
買収したのちはどうなるのか。,これは非常に大事なことです。買い手にとってはM&Aはゴールではなく、成約後がM&Aの本当のスタートだからです。大企業と違い、中小企業では経営者と従業員の人的関係が濃いため、M&Aの発表後に従業員が裏切られたと感じたり、新しい体制になじめなかったりで、最悪の場合は退職してしまうこともあります。これを防ぐには、従業員に対するしっかりとした説明とアフターケアが不可欠です。時には旧代表者にお手伝いをお願いしながら、新体制でのスキームを築き上げる必要があります。
買収資金は自己資金でなければならないのか。,基本的には自己資金がベストです。しかし、M&Aは相当高額な資金が必要になるため、現在は、金融機関も買収用の資金を貸し付けるケースも増えてはきています。しかしまだ地銀、信金レベルでは、M&Aのための資金融資を用意していない場合もあります。当社では、そういった場合は、提携金融機関のご紹介も可能です。
一部の事業だけ譲り受けたい。,売却企業が多方面のビジネスをしている場合、ある特定の分野だけ譲渡したい、又は譲り受けたいというケースも、よく起こります。その場合は、M&Aではなく、事業譲渡にあたります。買い手側のメリットとしては、買い手は必要な資産、負債だけ引き継げて簿外債務などを引き継ぐ恐れがないこと、のれんがある場合、損金にできるなどのメリットがございます。
企業の売買価額はどのように決まるのですか。,企業や事業の価値を算定する作業をバリュエーションと言います。いろいろな方法がありますが、それをミックスさせて買収監査(デューデリジェンス)の価格を基に算定していきます。最終的にM&Aが成功したかしないかは、買い手がM&Aを実行したことにより得られるリターンが投下した費用を上回ることです。売り手は自社を高く評価する傾向にあり、買い手は安く買いたい。この差が激しすぎるとM&Aは成立しなくなります。そういう危険を回避するために適正なバリュエーションやデューデリジェンスが必要になるのです。
そもそも、中小企業がM&A出来るのでしょうか？,確かに一昔前までは、M&Aは一部の大企業のものでしたが、現在はその裾野が中堅・中小企業にも拡大しています。この背景としては、団塊の世代を中心とした年齢層の高いオーナー・経営者が増加する中、主に後継者不在により事業承継問題が顕在化しているためです。また、比較的年齢層の輪かいオーナー・経営者を中心として、会社の発展・成長等を勘案し、大会社の傘下に入ることを志向する方も増えております。
自社の株価はいくらぐらいになりますか？,弊社無料相談の際に、簡易的な株価計算も実施しますので、是非ご活用下さい。また、正式にM&Aの検討をスタートする際には、弊社専門家が貴社の個別具体的な状況（引当、税効果、無形の価値等）を勘案した上で株価計算を実施します。この結果を踏まえた上で、皆様とご相談しながら、株価の目線を検討いたします。
どれぐらいの期間でM&Aが成立しますか？,会社の状況によってマチマチですが、一般的には6～9ヶ月程度要するのが一般的です。6～9ヶ月程度というと長く感じる方もいらっしゃるかもしれませんが、譲渡側（売り手側）・譲受側（買い手側）双方とも重要性が高いことなので、相応に慎重となるのが常です。また、案件規模や業界状況等により1年を超えるプロジェクトとなることもあれば、3ヶ月程度で完了する場合もあります。いずれにしても、お客様のご意向（早く進めたい、じっくり見極めたい等）をよく理解した上で、プロセスを進めることが重要です。
M&Aを進めたいが、自社の社員や取引先、金融機関に情報が洩れるのは困るので、なんとかならないでしょうか？,弊社では、M&Aに関する守秘義務を徹底しておりますので、秘密情報が漏れることはありません。お客様の社員や取引先に秘密情報が漏れることがないよう、面談場所や連絡方法には細心の注意を払っております。弊社と提携関係にある金融機関もございますが、情報開示の際にはお客様のご許可を得た上で進めますので、ご安心下さい。また、候補先に対しては、お客様が特定されうる情報を開示する場合、必ず秘密保持に関する書面を提出いただいております。
なぜ専門家（会社）を起用するのがいいのでしょうか？,M&Aは専門的な領域で、まだまだ自社内で知見のある社員も多くない状態です。 専門家を起用しないことにより以下のようなリスクがあり、これらを回避し円滑に実行することが重要です。・そもそも相手先が見付からない・株価（事業譲渡対価）を不相応に安く（高く）決めてしまう・感情的になる局面も多く、相手先との関係性が悪化してしまう・曖昧な取り決めのままプロセスが進捗し、ある程度進んだタイミングで問題となり、お互い徒労に終わる・各種局面での書類に過不足があり、仮にM&Aが成立したとしても、しばらくして問題事項が生じる
どのような専門家（会社）に依頼するのがいいでしょうか？,大前提として信頼出来る専門家を見極めて下さい。信頼出来るか否かのポイントは以下をご参考下さい。・M&Aの経験や実績がある専門家に担当されるのか・長い付き合いになるので、担当者が親身になって、人柄として合うか・手数料負担が、最初は軽く成功報酬の比重が高く（テールヘビー）なっているか。最近では、ブローカーのような業者や看板は立派でも担当が素人というケースも聞きますので、よく担当者を吟味されるとよいと思います。
赤字会社や債務超過の会社は、M&Aは難しいでしょうか？,この場合率直に申し上げて簡単なことではありませんが、M&Aの可能性はあります。これはお客様に突発的な要因が生じた場合や節税対策をされている場合もありますし、また重要な許認可等をお持ちの場合もあり、一概には言えないため、まずはお気軽に無料相談にお進み下さい。
業績不振による売却の場合、相談はいつ頃行えばいいのですか？,業績が過度に悪化する前に早ければ早いほど、一般的に有利にM&Aの交渉を進めることが期待できます。遅くとも営業利益が出ている間に実施することが望ましいです。（勿論、会社の特徴や強みは、買収側の見方によっても変わりますので、数字だけが全ての譲渡価格決定要因ではありません。）
会社・事業を売却する場合の相談先として顧問税理士、金融機関でも大丈夫でしょうか？,M&Aは日本においては比較的新しい事業戦略であり、M&Aや経営戦略に通じている税理士は多いとは言えません。M&Aの過程でお手伝いをいただくことはございますが、M&Aのご経験がない税理士がほとんどですので、M&Aの相談先としては適切ではありません。また、取引金融機関への相談もお勧めできません。銀行も一部の専門部署の行員以外は、M&Aへの知識と理解が不足しているため、M&Aを考えているという情報が借入返済を求められる事態にならないとも限らないからです。
事業を売却する場合の相談先として気を付けなればならないことは何ですか？,まずは、少なくとも信用取引や商取引の当事者でなく、M&Aの経験が十分にある専門家であることが大切です。公認会計士事務所、税理士事務所、弁護士事務所などもM&A経験がある事務所の方が少ないため、弊社のようなM&A専門会社が望ましいでしょう。
売却を検討（相談）した場合、予期せぬ段階でその情報が広がることが心配です。何に気を付ければ良いでしょうか？,案易に取引先、自社の取締役、従業員、親しい経営者仲間など、基本的には誰にも売却の相談・打診しないことが重要です。まずは専門家に秘密保持契約書を締結の上、ご相談することが良いでしょう。そして、取引先、従業員などへの告知のタイミングも当該専門家と相談して発表することをお勧めします。
赤字、あるいはリスケ中、債務超過でも売却の相談をすることは可能ですか？,もちろん可能です。M&Aは譲渡希望側と買収希望側との目的が合致し、条件が整った時に成約いたします。黒字経営など定量的な数値が正常であることは非常に重要なファクターであることは間違いないですが、それ以外の定性的な特徴、強みでM&Aが成約する可能性は十分にあります。
M&Aというとどうしても敵対的買収とかハゲタカのようなイメージをもってしまいます。違うのですか？,よく受けるご質問ですが、弊社で扱うM&Aは100%、友好的な交渉と相方の合意によって行われるものです。そもそも、オーナー経営者（或いはその親族）が100%の株式を所有している中小企業のM&Aにおいて、敵対的とか乗っ取りということは不可能です。中小企業が行うM&Aは決して敵対的でも、不義理なものでもなく、企業の成長戦略ないし出口戦略として積極的に行うべきものという認識を持つべきでしょう。
弊社は、社長である私個人の力による業績への貢献度が高いのですが、それでも売却できるのですか？,そのような企業でも売却も可能ですし、買収する方もおられます。そのような企業の場合、通常譲渡後においても顧問、アドバイザーなどに就任していただき、完全な事業の移行が終了するまで会社に留まっていただくことで問題を解決する場合が殆どです。
特定の企業から会社を譲って欲しいという相談がありました。どのように進めると良いでしょうか？,M&Aアドバイザーあるいは、M&Aの業務に精通した税理士などの専門家に相談下さい。直接のお取引、或いは、M&Aの業務に精通していない方への相談を避けるべきです。詳しくは下記のページをご参照ください。
買収したい会社・事業が既に明確に決まっています。どうすればよいでしょうか？,買収したい会社・事業が既に決まっていても、ご自身で接触することはお勧めできません。たとえ買収したい企業に売却の意思があったとしても、それを直接買収希望者に明かすことは稀と言わざるを得ません。弊社では、御社に替わり、御社が買収を希望する会社様に匿名（御社名を明かさずに）で売却の意思の有無を打診いたします。
明確に○○会社（の○○事業）を買収したいまでは決まっていませんが、業種、規模、エリアなどが決まっている場合、どうすればよいでしょうか？,買収の目的等をインタビューさせていただき、その目的に沿った企業・事業のリストを作成いたします。そのリストを元に、匿名（御社名を明かさずに）で売却の意思の有無を打診いたします。
M&Aによる買収を検討していますが、買収によって売却先の従業員（とくにキーパーソン）が退職しては意味がありません。どのようにリスクを回避したらよいのでしょうか？,弊社が行うM&Aでは、従業員様あるいは、キーパーソンが譲渡後も引き続き勤務することを条件に契約をしますので、退職するようであれば契約を解消できる状態にしてリスクを回避します。
特定の企業から会社を引き受けて欲しいという相談がありました。どのように進めると良いでしょうか？,M&Aアドバイザーあるいは、M&Aの業務に精通した税理士などの専門家に相談下さい。直接のお取引、或いは、M&Aの業務に精通していない方への相談を避けるべきです。詳しくは下記のページをご参照ください。
売却、買収を検討している段階での相談だけでも可能なのでしょうか？,もちろん可能です。相談は早ければ早いほど良いです。少しでもM&Aについて気になることがありましたら、ご遠慮なくご相談ください。相談は無料となっております。
御社に依頼すれば、必ずM&Aで売却、或いは買収できますでしょうか？,残念ながら100%の保証はできません。なぜなら、M&Aは譲渡希望だけでも、買収希望だけでも成立しません。また、時間的に期限がある場合もあるからです。
M&Aの譲渡価格はどのように決定するのですか？,価格算定の参考となる算定式の詳細は、以下のとおりです。もっとも、最終的には、譲渡希望側（売り手）と買収希望側（買い手）との交渉によって決定します。
依頼してから成約までの時間はどのくらいかかるのでしょうか？,ケースによって様々ですが、通常は、3か月から1年の期間を必要とすることが多いです。
M&Aの仲介、アドバイザー業務の報酬はどれくらいかかるのでしょうか？,一般的にM&Aの仲介、アドバイザー業務の報酬レーマン方式という報酬規程を採用しております。弊社でも当サイトの報酬規程は、レーマン方式を採用しています。ただ、弊社では、小規模な案件についても取り扱っており、その報酬は、最低150万円（税別）となっております。詳しくは下記のページをご参照ください。
知り合い同士の会社、或いは直接買収の打診を受けた場合、当事者同士でM&Aをすること難しいですか？,難しいですし、絶対に避けた方がよいでしょう。理由については、下記のページをご参照ください。
株式会社以外はM&Aにより、売却、買収できないのですか？,もちろん可能です。
売却、買収の案件が相談中に破談した場合、費用はどうなるのでしょうか？,弊社では、現在のところ、完全成功報酬制を採用しております。よって費用が発生することはございません。
デューデリジェンスだけでも行っていただけますか？,もちろん行います、もっとも、費用が掛かりますので、まずは一度ご相談ください。また、弊社では簡易企業・事業評価算定とM&A準備度診断も行っていますのでご利用ください。
個人でも会社を買うことは可能ですか？,可能です。トランビには個人事業を含め多くの中小の事業が登録されています。買収予算等に応じて案件を検索頂くこともできるようになっています。事業承継・M&A売却案件を検索するにはこちら
中小企業でもM&Aは可能ですか？,可能でございます。トランビを通じて規模の大小を問わず多くの会社さまがM＆Aをされています。トランビでは規模・業種・業界を問わず様々な案件が掲載されておりますので、ご希望に沿った案件を探して頂くことが可能です。
会社を経営していますが、どのような場合にM&Aを検討すれば良いのですか？,1.後継者がいない、もしくは継いでいるが適任でない2.社長が高齢、もしくは健康不安を抱えている3.規制緩和・規制強化、構造不況、斜陽の産業であるなどの条件に、一つでも当てはまる場合には、M&Aをご検討されてもよろしいかと存じます。
どんな企業が売れるのですか？,トランビには個人から上場企業さままで多くの買い手さまがおり、ご関心も多岐に渡っております。それ故、M&Aの世界では敬遠されがちな赤字企業や債務超過の企業、個人事業でもご売却可能性がございます。また、調剤薬局、運送、介護、システム開発など通常のM&Aで人気のご業種についてもより多くの買い手候補を素早く集めることで、 より売り手さまの希望の条件に近い会社さまを見つけて頂くことが可能です。
赤字であっても譲渡できるのですか？,トランビには個人から上場企業さままで多くの買い手さまがおり、ご関心も多岐に渡っております。それ故、M&Aの世界では敬遠されがちな赤字企業や債務超過の企業、個人事業でもご売却可能性がございます。また、新規事業に乗り出したい企業にとって、その分野で培われた経験を持っている社員や、設備、ノウハウ等はとても価値がありますので、 赤字であっても譲渡できる場合があります。なお、複数事業を営む会社で黒字事業と赤字事業が混在している場合、 会社分割や事業譲渡等の手法によって、良い事業だけを切り離して譲渡することも可能です。最近では事業再生と事業承継を組合せた形で事業を譲渡するケースも多く見られます。
株式譲渡と事業譲渡ではどちらの方が良いのですか？,どちらが一概に良いと結論付けることは難しく、それぞれの手法の違いによってM&Aの実現度合いが変わります。一般論としてのそれぞれのメリット（○）・デメリット（△）は下記のようなものがあげられます。【株式譲渡】○雇用等の内部関係、契約関係、許認可等が原則として維持○会社法上の手続きが不要で簡易かつ迅速○責任限度は投資額まで(株主有限責任)△簿外債務等の承継リスク△少数株主の株式を取得できない可能性(但し、3分の2以上の株式取得でスクイーズアウト可能)【事業譲渡】○特定の事業(資産・負債)のみを承継対象とすることが可能○簿外債務等の承継を原則遮断可能△契約先等の個別の同意取得が必要△労働契約承継法等の手続きが必要△許認可は原則再取得適切な手法の選択にお悩みの方は、M＆A専門家のお力を借りることをおすすめ致します。
M&Aにかかる時間はどれぐらいですか？,短ければ1、2ヶ月程度、長ければ数年に渡る場合もあります。M&Aは譲渡するタイミングが非常に重要です。条件交渉にも時間がかかりますので早めの行動を心がけましょう。
M&Aを行う場合、どのような流れになるのですか？,① トランビウェブサイト上でのお相手探しトランビウェブサイト上でお相手様をお探し頂き、お相手様とのお話し合いがスタートします。② 匿名での初期的情報交換売り手様、買い手様共に、個人様のお名前や属性、会社名や事業等が特定できるような固有の情報は全て伏せて頂いた状況（ノンネームの状況）で、簡単な自己紹介、本件お取り組みの目的、事業の概要等、初期的な情報交換を行います。ここでは、お相手様とのご相性や、初期的な事業の概要や将来性等を確認します。③ 秘密保持契約締結・実名開示（マッチング）匿名での初期的な情報交換を経て、お相手様と引き続きご交渉を進めたいとご判断された場合は、今後開示される重要情報の漏えいを防止するため、当事者間による秘密保持契約を締結します。秘密保持契約はウェブ上で電子署名により締結されます。秘密保持契約が成立すると、ご両者様の実名が開示されます。④ 基礎情報交換ここでは、会社案内、決算書、個人の属性がわかる情報等を含め、初期的な意思決定に資する基礎情報の交換を行います。ビジネスモデルや商流の理解、事業の強みや課題、足もとの収益性や将来性等について確認します。また、この先に実施する面談に備え、質問事項、確認事項などを整理します。⑤ 当事者による面談（1回〜複数回）実際にお相手様とお会い（面談）してみましょう。お相手様の事業にかける思いや今後の事業運営に関する率直なディスカッションを行うとともに、金額面や取引実行後の役職員の処遇、取引実行の時期等、具体的な諸条件についても初期的な意見交換を行います。⑥ 意向表明書提出（買い手→売り手）これまでの情報を踏まえて、買い手様から売り手様に意向表明書を提出します。意向表明書には、買い手様の自己紹介から始まり、本件取り組みの目的、スキーム、金額、今後の事業運営の方針、役職員の処遇、取引実行の時期等、各種諸条件等を記載します。⑦ 初期的条件交渉・基本合意書締結意向表明書の内容をベースに、初期的な条件交渉を行いましょう。お互いの希望条件を確認しあうとともに、譲る点は譲り、お願いする点はお願いしつつ、金額、取引実行の時期等の大枠の条件を固めます。そして、ご両者様で合意に至った事項は、必要に応じて、基本合意書という形で書面にまとめます。なお、一般的に、基本合意に至った段階で、売り手様は交渉相手を一人の買い手様に絞ります（独占交渉権の付与）。⑧ 各種デューディリジェンス実施（買い手→売り手）買い手様から売り手様に各種資料の開示を依頼し、内容を分析、精査します。疑問点はしっかり質問し、消化しましょう。店舗、施設、工場等がある場合は、売り手様の了解を得て現地を確認します。必要に応じて、財務、税務、法務、ビジネス、環境、金融、不動産等の専門家をアサインします。⑨ 最終条件交渉基本合意書の内容を最大限尊重しつつ、売り手様、買い手様が負担する義務、他の利害関係者（株主、取締役、従業員、取引先、取引銀行、地域社会等）への対応等に関する取り決め、取引実施後の引継の方法等を交渉、確認します。条件交渉では、ご両者様それぞれにとっての重要度・優先順位をしっかりと認識したうえで、誠意ある交渉を行います。⑩ 最終契約書締結・クロージング最終条件交渉で合意した事項を最終契約書（株式譲渡契約書、事業譲渡契約書等）にまとめます。最終契約の作成にあたっては、必要に応じて、法務の専門家をアサインします。最終契約書は売り手様、買い手様双方のサイン（署名・押印等）によって最終契約書締結日に成立します。クロージング後は、売り手様から買い手様へ各種業務の引継ぎが行われます。参考：買い手様向けM&Aガイド参考：売り手様向けM&Aガイド
M&Aにかかるコストは一般的に幾らですか？,一般的なM&Aの代理会社や銀行等に依頼した場合、手数料は数百万～数千万円程度かかると言われています。トランビは、M&Aの業務において一番コストがかかると言われているマッチングをテクノロジーを使って劇的に効率化し、売り手さまは無料でご利用頂けるサービスとなっております。
譲渡価格の算出方法はどのようにすればよいですか？,M&Aにおける譲渡価額については幾つかの算定手法がございますが、トランビには個人から上場企業さままで多くの買い手さまがおり、属性やご関心も多岐に渡っております。トランビのプラットフォームを通じて、そのダイバーシティの中から、新しい出会いの接点を持っていただくことで、通常のM&Aの価格算定手法でお話しがまとまる事例も生まれています。ご登録を頂いた場合でも必ずしも売却をしなければならないというわけではございませんので、まずは一度ご登録いただきプラットフォームを通じて、ご自身の会社の可能性を探って頂きたく存じます。その他、トランビでも簡易的な企業価値の算定ツールを用意しておりますので、宜しければお試し頂ければ幸いです。株式価値試算のページはこちら※当シミュレーション結果は譲渡価格の目安であり、譲渡価格を保証するものではありません。
事業の譲渡により担保や個人保証ははずせるのですか？,交渉の中で担保や個人保証を外して頂くことを条件として、交渉を進めて頂くことが可能です。
従業員の雇用や取引先との関係は継続されるのですか？,譲り受け希望の方（譲受者）とのご交渉次第にはなりますが、中小企業のM&Aでは、大幅な赤字体質である場合等を除いて、 従業員の雇用条件や取引先との取引条件を大幅に変更されるケースはあまり多くないように見受けられます。
個人事業主、有限会社であっても自社を引き継がせることができるのですか？,事業承継は株式の譲渡だけではなく、資産（配送車、什器、機械設備等）の譲渡や、事業の譲渡 （資産に加えノウハウ、のれん、従業員の雇用契約および仕入または販売契約等。但し、個別に再契約が必要な場合があります。） で行うことが可能です。
M&Aを成功させるにはどんなことに気をつければ良いのですか？,1.行動、決断を先送りしないこと2.決算書は可能な限り正確に記載すること3.経営陣や株主の意思は予め整理しておくことM&Aの成功は、企業の行く末に大きな影響を及ぼします。オーナーや経営者自らが責任を持って早めに行動することが最も重要です。
海外の会社でも日本の会社を買うことは可能ですか？,海外の企業さまでも日本の会社を買うことは可能です。ただし、国によっては外資への出資規制等がある国もございますので、お話を始められる前によく御確認頂ければと存じます。
交渉相手から求められる主な書類は何ですか？,業種や業態によっても異なりますが、まずは登記簿謄本、定款、会社案内、株主名簿、役員経歴書、3期分の決算書、前期末から先月までの月次残高試算表、主要な取引先一覧等をご準備頂くと宜しいかと存じます。
専門家に依頼するメリット・デメリットは何ですか？,専門家を活用することのメリットは、M&Aにかかるやり取りをスムーズに進めたり、会計、税務、 法務といった各種リスクを低減することが可能になります。一方で、デメリットは専門家を活用するには実費がかかることがございます。
M&Aが成立するまでにどれくらいの期間が必要ですか？,アドバイザリー契約を取り交わしてから3ヶ月～6ヶ月程度が一般的ですが、個々の事情によって大きく変わります。企業の資金繰り等の理由で急ぐケースがある一方で、条件を満たすことが難しく、なかなか進まないケースもあります。
報酬体系を教えてください。,ご要望やスケジュールにより異なりますので、一概には申し上げられません。実際に提供するサービス内容に応じて、個別にお見積りを作成しております。まずはお問合せページまたはお電話にてお問い合わせください。
企業の売却を進めるなら、景気が良い時を狙った方がよいですか？,買手となる企業は、底堅い経営力と成長戦略を持ち、景気動向に関係なくM&Aを強く指向しています。特に中堅中小企業のM&Aでは、マクロ経済の動向よりも、個々の会社ごとのマッチングがいかにうまくいくかという問題の方が大きいと思われます。
従業員の待遇を守ってくれる企業に、自社を売却したいと考えています。そのような条件を、事前に取り決めることはできますか？,従業員の雇用維持や待遇維持に関する条件を、M&Aの交渉内容に盛り込むことは可能です。譲渡後における役員の経営への関与の仕方等、その他の様々な要素についても、ご意向を伺ったうえで実現に努めます。
個人保証の取り扱いはどうなりますか？,連帯保証や担保提供はM&Aの譲渡先に自動的に切り替わらないため、解除の手続きが必要です。一般的に、連帯保証と担保の差し入れの解除は、M&A成約時から早い時期に金融機関と交渉して買手企業に肩代わりしてもらうことになります。
良いアドバイザーの選び方を教えてください。,M&Aアドバイザーに資格は必要ありません。それだけに、以下のポイントはご確認していただくべきでしょう。①幅広いネットワークを持っている②専門知識とM&Aの実務経験を兼ね備えている③アドバイザーがビジネスマンとして信頼できる
事業承継に当たって、M&Aを選択するべきか、親族に継がせるべきなのか迷っており、専門家のアドバイスが聞きたいです。M&A仲介会社や税理士に相談する段階ではないのですが、コンサルティングしてもらえるところはあるのでしょうか？,そのような方は、まず始めに弊社にご相談いただきたい、と考えています。M&Aだけでなく、親族内承継、従業員承継、それぞれの分野で多くの実績を有しているからこそ、M&Aを進めるべきか否かも含めた客観的なアドバイスをすることができます。
M&Aの実行は決定していませんが、このような状態で相談してもよいでしょうか。,弊社コンサルタントにご相談いただければ、お話合いの中で貴社に想定される選択肢を整理し、M&Aを進めるべきか否かも含めて検討できる情報を提供させていただきます。選択肢の一つとしてM&A（第3者への譲渡）を見据えているということであれば、ご相談は早ければ早いほど良いということは間違いありません。面談の機会をいただきましたら、売手にはM&Aのプロセスをじっくりご理解いただきたいと考えております。また買手となる経営者の意向に沿うタイミングも斟酌しなければなりません。「相談したらすぐに実行しないといけない」というわけではありませんので、ご安心ください。
会社の売却を進めるなら、景気がよいときを狙った方がよいでしょうか?,統計からも、近年、M&A件数は増加傾向にあり、現に買手となる経営者の方からお問合せをいただくことが増えています。そのようなお客様は底堅い経営力と成長戦略を持ち、景気動向によらずM&Aを強く指向されております。特に中堅中小企業のM&Aではマクロ経済の動向よりも、個々の会社ごとのマッチングがいかにうまくいくかという問題の方が大きいと思われます。
地方のM&Aにも対応してくれますか?,弊社では全国にコンサルタントが配置されているのは勿論のこと、M&Aの専門部隊が毎日のように全国へ出張しています。広域にわたるグループ間の連携と全国に張り巡らされた外部のネットワークから公開されていない売却ニーズ・買収ニーズの情報を随時収集しておりますので、地域を問わず対応可能です。
従業員の待遇を守ってくれる会社に、自社を売却したいと考えています。,そのような条件を事前に、取り決めることはできるでしょうか。売手となる経営者が抱える従業員の雇用維持・待遇維持に関する条件をM&Aの交渉内容に盛り込むことは可能です。買手の立場としても、優秀な従業員を失ってしまえば買収した意味が失われてしまいますので、十分に交渉の余地のあるポイントと考えます。その他、譲渡後における、役員の経営への関与の仕方など、さまざまな要素について、ご意向を伺ったうえで実現に努めます。
個人保証の取り扱いはどうなりますか?,連帯保証や担保提供が自動的にM&Aの譲渡先に切り替わるということではなく、解除の手続きが必要です。連帯保証と担保の差し入れの解除はM&A成約時から早い時期に金融機関と交渉して買手企業に肩代わりしていただく事になります。M&Aの契約にも「買手が売手の連帯保証と担保の差し入れの解除に協力する」(もしくは、「解除のための手段を講じる」)といった旨の条項を入れることは良くあることです。
M&Aが成立するまでにどれくらいの期間が必要ですか?,アドバイザリー契約を取り交わしてから3か月～6か月程度が一般的です。とはいえ、M&Aに要する期間は、個々の事情によって大きく変わります。売手の家庭の事情や、会社の資金繰りなどの理由でM&Aを急ぐケースも少なくありません。一方で、売手、買手となる経営者の希望を満たすことが難しく、なかなか進まないケースもあれば、利害関係者の希望で長い期間が必要となるケースもあります。M&Aはタイミングという要素で結果が大きく左右されることが往々にしてあります。やはり時間的余裕を持って、お早めに相談することをお勧めします。
私は筆頭株主ですが持分は50%未満です。この持分だけ売ることはできますか?,2つの観点から検討が必要かと思われます。第一に、買手となる会社様にとって、50%未満の株式のみを譲り受けるメリットや合理性があるかどうかという点、第二に、譲渡制限がついている株式の場合(中小企業の株式には多くの場合ついていると思われます)に、譲渡に関して取締役会の承認が得られるかどうかという点です。買手となる会社様が、その持分だけで問題ないと了解し、取締役会にて承認が得られるのであれば、50%未満の持分のみを売ることは可能です。この場合、売却することについてその他の株主への説明をし、了解を得ることは実質的に必要になってきます。もしかしたらその他の株主から委任を受けてM&Aの交渉を進めるという選択肢も考えられるかもしれません。委任を受けてM&Aの交渉進めるか、個々に説得して株式を集約するか、その他の株主へは伏せて一旦持分のみの売却の検討を進めるかなど、選択肢は数多くあり、個別の事情に応じて最適解は異なります。オーナーのご事情、その他の株主のご背景、会社の経営状態、タックスプラン、買手の企業にとってのメリットなどを多面的に考慮し、最適な解決策を検討することが重要です。
売上等の企業規模は、どれくらいから対応してもらえますか?小さい会社でも売れますか?,企業の売買価値に会社の規模は関係ありません。赤字であっても、債務超過であっても、その会社が持っている有形・無形の財産に価値を感じる買手がいればM&Aは成立します。ただし、企業規模が小さければ、買手もまた中小規模になってくる可能性が高いため、その地域や業界に人脈を持つアドバイザーでなければ買手となる会社の探索が困難であるという面は否めないでしょう。中堅中小企業のM&Aにおいて実績が豊富なアドバイザーに依頼されるのが望ましいでしょう。
良いアドバイザーの選び方を教えてください。,M&Aサービスを行う上で、何か特定の資格が必要というわけではありません。それが故に、「M&Aの専門家」を謳う業者は、数多くあります。本当の意味でのプロフェッショナルではないアドバイザーに任せてしまった結果として、以下のようなトラブル例は数多く見聞きするところです。「企業価値評価を誤り、過大・過小に売買額を見積もられた」「デューデリジェンスが不十分だったため、後になってから簿外債務が見つかった」「法外な手数料を請求された」「情報が漏洩し、既存の取引に悪影響が及んでしまった」などの事態が起こらないようにするためにも、以下のポイントをしっかりご確認ください。幅広いネットワークを持っている売手と買手の縁をいかに引き寄せるかがアドバイザーに求められる重要な役割の一つです。特に、中堅中小企業同士のM&Aは、大企業のような公開情報が乏しいため、 マッチングを成立させるには人脈やネットワークが重要な役割を果たします。専門知識とM&Aの実務経験を兼ね備えているM&Aには法務・財務・税務にまたがる幅広い専門知識、「事業」を総合的に理解する力、そして何よりM&A業務の十分な経験が必要です。弁護士・公認会計士・税理士・司法書士などの国家資格を持っていることは心強い武器の一つではありますが、実務として携わっていなければM&Aという特殊な業務領域で迅速に対応することは難しいでしょう。アドバイザーがビジネスマンとして信頼できる強引なやり方で交渉を進めるアドバイザーや、着手金だけを目的として調子の良いことを言うアドバイザー、配慮が欠けており既存の取引先に情報を漏らしてしまうアドバイザーも存在します。些細な思いの齟齬やコミュニケーション不足という理由だけで破談になってしまうのがM&Aです。ましてや、情報漏洩などということになれば、既存の業務に大きな悪影響を及ぼす結果にもなります。信頼出来るアドバイザーでなければ自社の未来を託す事は出来ません。
